2013,,,,,,,,,,,,,,,,,,,,,,,,,,,,,,,,,,,,,,,,,,,,,,,,2014,,,,,,,,,,,,,,,,,,,,,,,,,,,,,,,,,,,,,,,,,,,,,,,,2015,,,,,,,,,,,,,,,,,,,,,,,,,,,,,,,,,,,,,,,,,,,,,,,,2016,,,,,,,,,,,,,,,,,,,,,,,,,,,,,,,,,,,,,,,,,,,,,,,,2017,,,,,,,,,,,,,,,,,,,,,,,,,,,,,,,,,,,,,,,,,,,,,,,,2018,,,,,,,,,,,,,,,,,,,,,,,,,,,,,,,,,,,,,,,,,,,,,,,,2019,,,,,,,,,,,,,,,,,,,,,,,,,,,,,,,,,,,,,,,,,,,,,,,,2020,,,,,,,,,,,,,,,,,,,,,,,,,,,,,,,,,,,,,,,,,,,,,,,,2021,,,,,,,,,,,,,,,,,,,,,,,,,,,,,,,,,,,,,,,,,,,,,,,,2022,,,,,,,,,,,,,,,,,,,,,,,,,,,,,,,,,,,,,,,,,,,,,,,,2023,,,,,,,,,,,,,,,,,,,,,,,,,,,,,,,,,,,,,,,,,,,,,,,,2024,,,,,,,,,,,,,,,,,,,,,,,,,,,,,,,,,,,,,,,,,,,,,,,,2025,,,,,,,,,,,,,,,,,,,,,,,,,,,,,,,,,,,,,,,,,,,,,,,,2026,,,,,,,,,,,,,,,,
JAN,,,,FEB,,,,MAR,,,,APR,,,,MAY,,,,JUN,,,,JUL,,,,AUG,,,,SEP,,,,OCT,,,,NOV,,,,DEC,,,,JAN,,,,FEB,,,,MAR,,,,APR,,,,MAY,,,,JUN,,,,JUL,,,,AUG,,,,SEP,,,,OCT,,,,NOV,,,,DEC,,,,JAN,,,,FEB,,,,MAR,,,,APR,,,,MAY,,,,JUN,,,,JUL,,,,AUG,,,,SEP,,,,OCT,,,,NOV,,,,DEC,,,,JAN,,,,FEB,,,,MAR,,,,APR,,,,MAY,,,,JUN,,,,JUL,,,,AUG,,,,SEP,,,,OCT,,,,NOV,,,,DEC,,,,Jan,,,,Feb,,,,Mar,,,,Apr,,,,MAY,,,,Jun,,,,Jul,,,,Aug,,,,Sep,,,,Oct,,,,Nov,,,,Dec,,,,Jan,,,,Feb,,,,Mar,,,,Apr,,,,May,,,,Jun,,,,Jul,,,,Aug,,,,Sep,,,,Oct,,,,Nov,,,,Dec,,,,Jan,,,,Feb,,,,Mar,,,,Apr,,,,MAY,,,,JUN,,,,JUL,,,,AUG,,,,SEP,,,,OCT,,,,NOV,,,,DEC,,,,Jan,,,,Feb,,,,Mar,,,,Apr,,,,May,,,,Jun,,,,Jul,,,,Aug,,,,Sep,,,,Oct,,,,Nov,,,,Dec,,,,Jan,,,,Feb,,,,Mar,,,,Apr,,,,May,,,,Jun,,,,Jul,,,,Aug,,,,Sep,,,,Oct,,,,Nov,,,,Dec,,,,Jan,,,,Feb,,,,Mar,,,,Apr,,,,May,,,,Jun,,,,Jul,,,,Aug,,,,Sep,,,,Oct,,,,Nov,,,,Dec,,,,Jan,,,,Feb,,,,Mar,,,,Apr,,,,May,,,,Jun,,,,Jul,,,,Aug,,,,Sep,,,,Oct,,,,Nov,,,,Dec,,,,Jan,,,,Feb,,,,Mar,,,,Apr,,,,May,,,,Jun,,,,Jul,,,,Aug,,,,Sep,,,,Oct,,,,Nov,,,,Dec,,,,Jan,,,,Feb,,,,Mar,,,,Apr,,,,May,,,,Jun,,,,Jul,,,,Aug,,,,Sep,,,,Oct,,,,Nov,,,,Dec,,,,Jan,,,,Feb,,,,Mar,,,,Apr,,,,
FB,GB,GL,DS,FB,GB,GL,DS,FB,GB,GL,DS,FB,GB,GL,DS,FB,GB,GL,DS,FB,GB,GL,DS,FB,GB,GL,DS,FB,GB,GL,DS,FB,GB,GL,DS,FB,GB,GL,DS,FB,GB,GL,DS,FB,GB,GL,DS,FB,GB,GL,DS,FB,GB,GL,DS,FB,GB,GL,DS,FB,GB,GL,DS,FB,GB,GL,DS,FB,GB,GL,DS,FB,GB,GL,DS,FB,GB,GL,DS,FB,GB,GL,DS,FB,GB,GL,DS,FB,GB,GL,DS,FB,GB,GL,DS,FB,GB,GL,DS,FB,GB,GL,DS,FB,GB,GL,DS,FB,GB,GL,DS,FB,GB,GL,DS,FB,GB,GL,DS,FB,GB,GL,DS,FB,GB,GL,DS,FB,GB,GL,DS,FB,GB,GL,DS,FB,GB,GL,DS,FB,GB,GL,DS,FB,GB,GL,DS,FB,GB,GL,DS,FB,GB,GL,DS,FB,GB,GL,DS,FB,GB,GL,DS,FB,GB,GL,DS,FB,GB,GL,DS,FB,GB,GL,DS,FB,GB,GL,DS,FB,GB,GL,DS,FB,GB,GL,DS,FB,GB,GL,DS,FB,GB,GL,DS,FB,GB,GL,DS,FB,GB,GL,DS,FB,GB,GL,DS,FB,GB,GL,DS,FB,GB,GL,DS,FB,GB,GL,DS,FB,GB,GL,DS,FB,GB,GL,DS,FB,GB,GL,DS,FB,GB,GL,DS,FB,GB,GL,DS,FB,GB,GL,DS,FB,GB,GL,DS,FB,GB,GL,DS,FB,GB,GL,DS,FB,GB,GL,DS,FB,GB,GL,DS,FB,GB,GL,DS,FB,GB,GL,DS,FB,GB,GL,DS,FB,GB,GL,DS,FB,GB,GL,DS,FB,GB,GL,DS,FB,GB,GL,DS,FB,GB,GL,DS,FB,GB,GL,DS,FB,GB,GL,DS,FB,GB,GL,DS,FB,GB,GL,DS,FB,GB,GL,DS,FB,GB,GL,DS,FB,GB,GL,DS,FB,GB,GL,DS,FB,GB,GL,DS,FB,GB,GL,DS,FB,GB,GL,DS,FB,GB,GL,DS,FB,GB,GL,DS,FB,GB,GL,DS,FB,GB,GL,DS,FB,GB,GL,DS,FB,GB,GL,DS,FB,GB,GL,DS,FB,GB,GL,DS,FB,GB,GL,DS,FB,GB,GL,DS,FB,GB,GL,DS,FB,GB,GL,DS,FB,GB,GL,DS,FB,GB,GL,DS,FB,GB,GL,DS,FB,GB,GL,DS,FB,GB,GL,DS,FB,GB,GL,DS,FB,GB,GL,DS,FB,GB,GL,DS,FB,GB,GL,DS,FB,GB,GL,DS,FB,GB,GL,DS,FB,GB,GL,DS,FB,GB,GL,DS,FB,GB,GL,DS,FB,GB,GL,DS,FB,GB,GL,DS,FB,GB,GL,DS,FB,GB,GL,DS,FB,GB,GL,DS,FB,GB,GL,DS,FB,GB,GL,DS,FB,GB,GL,DS,FB,GB,GL,DS,FB,GB,GL,DS,FB,GB,GL,DS,FB,GB,GL,DS,FB,GB,GL,DS,FB,GB,GL,DS,FB,GB,GL,DS,FB,GB,GL,DS,FB,GB,GL,DS,FB,GB,GL,DS,FB,GB,GL,DS,FB,GB,GL,DS,FB,GB,GL,DS,FB,GB,GL,DS,FB,GB,GL,DS,FB,GB,GL,DS,FB,GB,GL,DS,FB,GB,GL,DS,FB,GB,GL,DS,FB,GB,GL,DS,FB,GB,GL,DS,FB,GB,GL,DS,FB,GB,GL,DS,FB,GB,GL,DS,FB,GB,GL,DS,FB,GB,GL,DS,FB,GB,GL,DS,FB,GB,GL,DS,FB,GB,GL,DS,FB,GB,GL,DS,FB,GB,GL,DS,FB,GB,GL,DS,FB,GB,GL,DS,FB,GB,GL,DS,FB,GB,GL,DS,FB,GB,GL,DS,FB,GB,GL,DS,FB,GB,GL,DS,FB,GB,GL,DS,FB,GB,GL,DS,FB,GB,GL,DS,date
4,46,6,58,37,1,38,33,17,40,51,80,1,29,61,89,23,69,77,21,85,58,70,46,48,60,90,34,98,64,53,3,71,71,66,87,44,63,66,34,73,79,8,47,12,85,39,95,52,3,56,22,41,23,94,64,33,21,69,45,28,26,50,81,34,91,30,20,17,18,8,48,69,29,67,22,88,89,29,46,73,95,95,97,14,88,19,79,35,9,26,32,52,43,79,26,27,42,91,93,18,26,90,67,38,75,55,29,35,55,60,99,84,36,84,53,31,86,96,89,38,77,28,61,96,62,98,61,91,41,6,96,7,60,33,28,72,94,24,3,7,21,23,13,14,93,40,92,88,40,79,49,45,68,48,72,39,58,51,87,11,88,39,48,22,99,14,2,93,10,32,69,10,96,33,91,72,62,61,62,78,4,80,58,61,97,4,75,75,92,44,44,9,59,87,26,53,48,83,77,84,70,80,38,16,61,29,34,59,68,44,74,59,30,51,30,28,43,67,61,100,63,43,38,45,87,49,4,25,71,36,36,46,78,9,66,88,59,72,52,31,27,23,55,66,30,65,42,20,100,44,71,60,16,77,33,54,74,37,93,3,82,73,40,29,5,50,29,54,79,21,57,53,77,70,1,39,83,51,80,82,9,16,6,26,34,19,46,7,22,8,43,41,15,97,89,27,11,25,52,71,95,18,38,41,31,79,14,30,6,14,70,99,89,76,63,37,81,22,10,25,8,96,16,92,50,55,17,21,70,98,97,43,8,40,65,15,8,90,3,4,77,54,67,86,35,53,67,26,94,60,81,72,60,70,60,49,85,61,9,88,26,55,12,93,44,62,37,96,41,33,86,94,44,82,94,30,42,28,59,95,53,74,37,71,40,4,88,47,92,91,72,34,83,26,70,77,63,65,51,29,40,69,78,48,97,66,88,38,34,74,8,56,89,19,14,5,82,56,81,25,70,33,14,43,49,86,86,69,91,6,74,96,15,85,71,44,58,36,56,49,1,60,92,52,46,22,35,88,51,29,35,9,61,93,98,73,92,16,28,38,54,14,48,17,93,89,65,58,71,63,66,62,70,13,47,22,58,32,92,60,26,39,30,93,75,46,78,50,59,76,62,33,82,18,39,14,55,85,91,17,60,40,30,75,25,48,68,9,87,100,22,3,96,48,66,19,51,59,46,88,16,44,85,38,39,78,45,57,68,27,62,97,22,84,27,31,30,71,21,13,92,25,79,75,84,73,95,14,66,38,68,18,30,41,90,38,74,32,69,99,72,91,2,43,60,18,24,12,28,26,6,84,79,26,21,35,44,47,100,76,39,52,13,47,23,69,43,9,22,41,9,26,90,55,45,83,15,27,28,27,54,57,42,23,88,13,68,70,46,68,66,54,59,56,41,26,89,40,37,86,63,44,71,42,66,58,65,39,17,5,93,2,2,2,68,,,,,1
2,89,3,72,12,100,74,63,55,33,95,18,80,61,1,3,79,87,46,36,1,40,5,5,2,99,32,62,66,83,60,33,70,2,74,62,13,62,81,90,20,82,77,45,28,91,4,39,45,52,100,98,77,84,75,73,20,7,7,51,24,11,75,55,80,96,82,44,2,100,76,23,24,64,64,78,6,18,6,59,21,19,27,23,12,37,52,13,64,20,5,25,66,82,48,90,89,1,39,28,49,100,37,40,67,66,37,8,55,89,57,68,5,70,100,14,95,15,1,74,24,85,17,49,80,88,95,92,15,20,4,72,37,88,74,71,9,40,89,24,70,60,71,51,51,49,65,77,48,39,66,92,71,17,8,58,21,29,87,99,55,55,97,21,14,70,2,76,93,82,46,6,18,17,27,86,6,55,11,41,21,7,78,51,56,97,42,65,59,9,15,75,53,53,84,95,23,79,76,39,10,96,44,18,21,3,86,59,94,16,83,47,18,11,88,82,28,30,100,78,80,6,99,42,43,44,68,11,38,10,15,80,89,49,89,20,65,6,20,90,7,62,60,98,44,47,14,65,69,86,12,70,97,91,96,47,49,14,89,10,19,43,53,99,50,61,95,22,97,29,95,66,81,37,18,1,48,52,23,95,87,8,35,25,95,34,90,74,54,49,94,34,55,25,65,14,49,30,37,17,67,85,63,89,92,11,40,48,32,20,30,61,30,68,56,32,84,23,93,16,77,75,27,69,87,99,12,83,4,21,71,51,82,66,28,14,17,1,17,80,70,69,27,44,6,87,65,67,33,31,25,82,96,68,82,92,75,90,19,28,79,27,91,61,61,47,97,44,50,7,1,55,86,100,5,78,34,21,43,71,20,13,88,24,52,12,66,52,99,60,7,67,16,6,5,97,53,17,25,30,93,100,59,27,18,16,42,45,8,8,60,13,9,58,82,39,14,14,31,80,44,9,8,41,100,44,49,34,75,29,49,39,30,45,47,53,37,33,9,17,9,81,9,66,100,30,62,25,34,31,12,28,73,37,59,79,35,89,77,95,7,12,52,46,66,30,56,75,95,98,85,81,32,83,4,91,49,29,79,48,68,77,97,60,64,9,80,4,16,77,22,5,16,13,30,1,74,58,94,76,40,34,59,99,96,12,54,51,89,40,40,10,55,62,22,83,82,64,38,8,56,60,97,56,11,73,59,30,40,10,10,32,48,61,97,87,7,63,52,85,13,75,5,90,18,70,80,76,33,39,66,39,98,46,74,34,16,4,54,43,37,82,69,89,18,41,66,76,29,46,54,99,1,1,77,15,70,33,54,4,100,11,60,90,53,63,88,50,3,9,12,71,6,6,69,1,1,71,94,79,11,56,23,73,80,98,71,56,100,57,57,70,63,58,70,96,8,69,75,89,19,82,76,27,96,5,92,63,90,99,4,78,91,2,30,49,,,,,2
10,19,69,40,6,1,80,44,12,2,28,26,1,72,1,100,20,67,99,17,57,40,35,5,10,48,70,52,26,80,66,3,13,15,41,99,45,53,1,50,86,62,38,69,19,38,82,59,61,44,53,52,61,44,80,60,51,47,99,16,40,21,54,40,95,13,30,21,47,22,88,20,5,8,65,67,82,19,86,64,45,6,80,59,36,34,37,84,46,99,68,76,9,82,49,2,7,61,94,78,23,3,31,81,67,24,28,13,97,15,20,98,28,46,40,3,71,93,71,15,38,55,38,31,1,42,89,54,97,72,41,28,56,20,81,41,62,97,13,95,97,87,22,61,88,58,71,36,47,5,94,89,11,17,75,17,20,52,71,82,68,75,55,70,14,64,82,7,91,98,36,27,20,99,87,94,64,59,7,62,22,40,65,28,82,97,52,51,97,74,50,37,99,91,87,94,6,100,71,51,25,50,56,30,83,26,55,79,1,4,64,64,33,88,73,75,89,36,75,68,48,10,67,95,55,27,81,87,74,71,45,4,22,23,23,91,8,36,21,26,75,59,64,15,82,3,67,82,72,95,66,93,51,21,60,10,47,20,69,1,81,24,42,21,19,1,81,1,75,13,95,63,65,65,79,1,18,3,49,35,21,63,52,66,93,5,70,4,88,18,29,92,6,24,21,85,40,66,45,66,10,13,89,8,61,82,11,39,30,87,8,2,22,92,73,73,45,71,89,48,8,91,51,50,52,77,40,92,72,10,27,97,94,9,58,88,100,49,41,42,11,81,77,68,56,17,79,59,26,62,46,84,94,100,75,22,29,91,87,18,64,74,58,36,71,94,4,81,7,23,91,55,43,63,36,25,51,26,74,1,60,91,63,69,54,72,40,49,46,69,65,42,8,99,22,6,2,11,9,24,96,17,86,65,47,32,55,39,86,75,35,27,68,48,91,19,1,88,38,60,76,37,17,80,29,57,26,26,71,17,29,69,89,39,70,11,49,40,9,8,81,85,58,59,51,33,1,66,19,79,99,97,67,72,47,1,44,15,19,75,22,28,27,30,58,30,75,49,58,38,78,55,80,7,3,2,45,41,94,34,62,51,15,77,54,53,76,92,81,36,79,14,86,72,66,80,74,19,49,81,77,48,80,38,98,97,97,62,45,52,89,94,52,61,16,43,40,2,59,7,24,93,37,96,19,13,64,16,70,6,10,3,27,98,93,62,32,17,55,17,4,59,70,99,28,69,88,92,28,55,2,69,100,7,9,59,79,97,45,15,85,60,40,6,92,57,53,89,69,5,24,48,61,3,9,14,91,76,62,54,76,75,96,79,22,2,62,88,98,28,42,87,62,45,12,61,7,60,17,9,32,27,21,36,100,64,59,92,88,94,72,73,31,42,39,87,28,35,7,29,69,91,31,72,81,91,99,44,8,42,37,94,6,2,2,19,,,,,3
45,52,21,41,21,80,86,83,82,94,66,83,20,42,1,6,16,39,95,99,29,14,49,5,52,11,10,65,16,1,73,33,24,31,92,87,31,70,57,74,35,97,41,30,98,84,97,87,12,81,52,94,3,84,99,30,58,15,35,23,37,27,63,93,13,97,70,31,9,97,50,1,14,50,82,65,15,93,1,39,15,32,19,8,41,74,15,34,48,14,96,61,3,81,19,45,74,30,1,24,24,84,99,81,67,66,23,77,38,9,46,61,4,91,68,88,80,53,27,100,1,21,21,58,33,70,50,99,25,66,88,31,42,55,44,35,93,89,96,70,55,96,97,61,10,18,74,44,40,92,72,42,60,90,4,83,26,72,1,3,99,40,54,25,73,36,37,79,85,4,4,50,70,88,81,41,87,56,32,70,23,95,26,57,53,97,72,35,9,70,69,100,67,39,62,48,58,34,51,43,23,26,56,16,77,10,47,24,21,93,80,83,89,20,98,54,18,85,90,59,93,19,19,44,7,44,24,66,83,75,20,4,73,7,80,67,1,35,22,30,7,37,89,31,3,41,1,95,21,56,59,89,87,94,24,18,47,40,8,27,49,5,92,82,52,86,54,5,16,89,96,43,45,9,85,1,12,82,42,34,100,40,88,68,92,21,93,12,48,21,86,9,88,27,85,23,26,57,45,52,76,64,78,78,80,57,77,58,29,15,99,80,58,65,93,100,6,47,61,56,60,88,100,84,44,77,92,42,75,82,56,93,84,30,22,72,79,5,81,26,50,71,62,32,5,21,49,87,2,56,51,74,37,99,30,68,75,97,87,6,99,57,52,99,60,30,17,88,40,44,3,52,10,25,85,27,84,41,57,88,63,98,92,94,32,28,34,82,70,96,65,85,28,53,34,42,30,9,30,72,23,88,59,9,98,23,33,29,5,90,89,75,59,47,84,2,53,37,2,87,95,62,99,21,41,70,28,61,9,42,6,32,56,88,66,81,32,14,67,63,69,91,81,30,19,45,63,53,100,78,33,25,27,56,18,46,60,52,65,65,18,57,2,73,100,16,3,89,93,100,47,52,62,71,27,42,19,86,74,64,34,6,100,65,67,62,62,52,90,88,74,91,88,3,50,27,68,19,71,34,54,90,29,76,43,90,67,27,6,13,16,82,16,44,94,2,81,25,53,10,62,24,59,10,98,44,33,84,18,62,3,29,76,25,62,51,53,93,14,78,61,41,62,65,41,20,2,76,1,46,50,18,47,29,93,21,48,33,51,46,23,58,28,57,88,72,74,30,56,20,3,78,85,66,76,58,84,77,30,76,98,33,57,50,71,53,85,43,82,81,5,2,40,88,64,7,84,74,43,53,77,36,1,88,22,61,22,56,100,52,54,72,26,8,6,62,74,20,79,92,35,1,92,64,28,13,23,88,40,84,95,18,66,2,90,54,,,,,4
2,1,17,1,2,1,90,14,84,32,32,65,1,4,1,18,21,1,33,46,1,60,38,5,51,82,90,3,61,97,22,46,19,99,86,8,97,83,57,51,1,39,13,70,49,8,83,15,90,35,97,8,87,19,32,17,20,24,34,51,41,1,2,92,16,57,76,31,27,22,70,75,14,68,94,70,99,95,21,50,29,43,51,40,39,96,83,73,55,60,100,9,19,52,13,88,93,4,93,12,33,59,16,51,64,81,4,21,71,80,48,77,3,76,63,91,37,32,18,80,44,94,26,55,5,69,65,35,47,76,15,72,42,86,58,25,82,6,10,6,81,81,57,71,57,20,69,26,1,93,91,91,20,6,25,84,72,65,91,22,61,57,61,29,43,80,29,41,13,31,63,41,42,68,5,86,17,48,4,98,2,92,74,70,59,97,83,43,93,66,73,15,9,52,76,5,34,79,84,34,79,90,25,81,4,97,46,70,94,19,9,22,82,87,66,51,68,58,97,50,79,19,53,79,27,84,73,22,94,92,98,76,61,75,63,64,48,67,23,24,87,33,81,90,11,48,54,64,42,11,99,84,20,81,58,50,33,20,17,8,96,32,98,66,40,76,96,63,98,70,16,10,52,58,73,67,84,94,78,31,57,62,84,7,69,76,40,21,63,83,31,89,19,85,89,53,96,26,49,16,85,41,92,91,6,8,80,63,18,41,43,38,59,68,59,76,77,26,11,41,99,100,6,80,13,21,69,69,16,44,94,88,10,90,16,3,65,56,48,53,33,99,73,26,2,2,42,35,11,97,10,20,63,94,69,84,89,90,34,28,71,81,72,57,64,51,98,33,23,58,57,43,98,26,97,75,8,53,17,73,58,10,40,92,85,49,32,100,64,52,22,11,19,24,39,52,93,6,38,13,26,5,25,8,73,24,82,97,93,18,77,58,95,95,87,45,11,64,22,28,73,36,87,17,97,58,100,79,45,10,7,7,4,90,5,33,97,31,91,86,38,49,4,69,12,68,30,21,73,2,53,13,21,81,12,5,42,75,67,61,17,2,12,18,86,15,70,3,74,74,45,91,63,11,4,64,85,11,31,77,63,83,81,72,40,96,7,56,22,74,28,17,63,55,11,84,70,49,62,36,35,15,100,92,68,25,59,8,65,9,1,28,16,74,70,47,83,3,89,81,12,5,33,79,29,22,28,17,41,15,36,53,33,83,24,21,32,77,35,83,61,100,93,14,26,60,40,20,34,8,13,32,76,2,71,90,20,71,56,47,23,5,98,33,94,94,1,75,90,94,45,49,37,77,18,44,66,80,94,100,46,29,19,86,25,61,11,47,68,67,98,24,90,40,46,18,18,74,92,48,74,56,14,65,14,82,28,85,52,67,41,4,43,39,79,55,2,92,80,68,67,72,92,78,36,5,40,18,4,76,40,20,7,46,74,36,,,,,5
77,22,97,53,4,87,47,84,59,71,63,17,96,38,39,4,40,2,11,95,36,31,1,92,82,94,55,91,70,97,24,3,41,19,54,94,13,58,74,1,72,98,60,42,14,87,76,78,35,98,80,8,79,40,17,9,58,81,77,53,93,1,69,53,17,91,35,22,12,58,45,14,81,2,88,38,55,21,86,54,100,19,93,80,14,45,98,61,55,30,79,56,2,71,71,70,81,92,42,93,56,52,88,98,28,91,74,6,52,38,72,76,6,34,36,40,68,1,67,69,25,86,1,24,97,65,76,92,90,88,81,75,37,68,94,81,25,69,80,62,96,93,42,46,15,45,90,76,17,27,25,71,93,23,22,90,33,57,37,38,76,44,20,75,71,97,37,19,94,50,23,15,98,98,22,98,46,73,61,46,59,45,88,73,40,97,70,85,22,43,41,16,59,85,69,76,96,50,54,47,29,59,8,35,80,45,65,42,98,90,68,30,74,1,28,24,68,92,64,79,5,19,52,99,93,86,86,84,73,46,84,97,99,22,6,25,80,51,10,34,86,91,67,27,37,19,43,18,36,35,27,76,78,100,40,4,84,48,77,72,58,12,13,62,64,59,2,56,83,5,30,46,29,45,29,87,8,79,68,58,62,4,52,4,97,93,74,62,15,76,5,71,97,93,51,6,86,91,46,93,30,76,6,15,48,2,48,36,35,9,59,47,38,10,92,44,99,41,13,22,93,73,17,6,66,87,55,93,67,5,80,21,64,1,24,10,73,89,53,10,31,23,77,71,29,18,40,94,92,37,77,2,68,84,30,58,93,23,50,56,58,37,70,98,96,16,38,89,92,15,30,83,28,7,100,9,53,77,75,67,1,81,6,95,17,16,77,62,64,100,74,22,55,91,91,98,22,25,4,100,62,26,68,36,43,88,57,1,94,11,21,5,93,35,69,21,41,44,34,46,100,18,21,94,57,56,90,76,82,82,17,26,80,79,29,77,11,37,91,67,5,75,16,53,80,16,40,12,89,8,72,24,6,98,96,79,29,5,94,47,54,67,25,93,71,46,95,82,3,100,50,82,42,51,42,41,18,72,84,66,45,63,41,17,30,79,32,87,11,40,25,91,53,73,48,85,15,49,44,28,69,93,97,92,59,82,62,99,2,55,75,87,46,80,33,22,28,93,57,79,13,70,75,54,86,98,36,32,90,94,78,29,64,38,40,26,62,91,99,2,81,87,29,60,7,56,70,82,72,83,47,30,72,36,26,2,48,45,88,89,82,75,65,100,26,26,13,47,10,18,4,59,17,87,18,17,27,24,23,83,88,53,50,68,99,89,90,58,68,56,98,59,57,27,58,45,50,30,3,19,56,71,91,15,66,89,45,21,82,49,73,96,4,85,94,25,60,6,73,94,92,12,81,79,86,13,78,61,35,35,92,99,36,2,2,38,,,,,6
35,100,99,29,47,1,41,72,2,57,42,65,1,88,54,81,22,3,47,81,44,78,2,92,80,79,59,48,63,96,54,33,28,25,86,53,55,63,85,2,55,91,31,66,24,76,12,26,56,50,40,56,27,84,37,37,28,87,99,44,69,1,12,85,43,99,49,95,41,45,33,57,88,5,22,88,55,80,18,7,94,33,96,71,74,95,55,79,55,84,17,8,83,31,50,27,77,60,44,68,36,25,83,12,73,56,87,4,91,64,78,2,25,85,95,53,29,2,14,67,86,95,84,91,19,15,99,98,40,95,15,83,48,33,43,48,12,41,83,100,37,92,50,74,11,26,66,41,99,3,49,39,78,82,26,96,91,61,51,100,5,1,28,47,16,33,78,29,53,53,69,62,42,32,40,63,52,56,35,45,37,18,54,5,72,97,11,92,60,36,16,57,3,15,56,8,23,18,90,13,55,3,60,94,77,37,77,60,93,15,39,83,5,2,99,52,65,4,52,4,64,19,82,59,29,12,6,28,92,76,53,97,46,12,7,90,91,87,50,51,9,1,30,91,77,28,39,33,76,15,82,44,73,83,85,83,31,54,60,1,71,14,98,58,91,48,60,86,39,97,29,2,4,51,93,21,68,79,78,49,46,73,67,46,50,29,82,35,89,33,84,86,20,49,7,41,54,92,16,33,69,98,41,2,44,66,16,3,19,72,20,2,39,2,10,44,38,88,88,43,57,56,20,95,94,48,76,31,58,45,44,76,9,4,74,67,54,79,14,93,38,35,95,23,51,36,27,23,21,11,68,6,6,54,96,10,72,93,95,39,82,12,31,74,65,56,56,18,14,91,8,29,30,80,48,45,22,38,67,31,45,56,12,86,71,74,15,77,61,80,30,91,84,96,51,11,4,9,46,36,58,46,18,26,87,41,40,25,94,3,95,91,32,85,29,86,36,14,18,28,26,17,93,98,58,50,92,71,33,16,46,13,8,40,3,39,25,45,43,40,57,31,57,50,51,12,40,77,59,54,68,22,22,42,66,37,10,82,90,69,34,90,55,32,26,68,67,75,87,51,73,30,33,96,69,41,5,45,19,44,79,15,31,74,42,20,65,52,87,25,86,48,94,96,57,22,90,59,87,4,68,61,81,92,71,1,80,48,96,89,44,36,24,73,62,35,26,24,11,41,38,34,2,15,98,16,97,11,20,2,80,73,30,99,98,18,43,59,78,90,15,24,67,79,27,91,40,32,55,4,84,25,63,76,76,80,19,59,56,51,37,11,51,35,30,93,53,65,44,25,46,85,24,87,40,38,75,44,84,99,19,63,45,54,29,97,82,99,51,6,46,70,93,52,87,34,85,50,46,93,69,38,30,4,71,83,99,89,83,1,21,64,84,52,72,45,5,8,19,85,41,1,52,96,28,9,11,6,25,13,28,31,62,60,22,45,,,,,7
2,1,51,19,61,41,29,100,90,84,93,29,3,2,72,31,42,4,95,69,67,40,3,59,77,10,98,93,12,73,1,16,3,59,28,28,49,23,49,3,70,75,23,56,58,54,52,47,46,18,31,46,35,22,47,71,57,84,91,44,1,1,7,28,95,5,69,60,67,87,53,4,17,9,29,26,55,92,22,85,92,14,60,7,20,28,65,93,1,6,58,78,2,66,72,34,50,52,60,94,54,84,34,57,33,59,48,16,31,40,62,62,4,62,36,73,95,3,98,41,25,84,2,7,19,13,13,79,74,64,38,68,80,59,61,2,96,56,1,42,94,59,26,86,78,20,85,58,30,83,15,71,12,39,98,81,44,52,63,17,68,2,68,15,93,92,3,87,57,43,58,49,24,82,100,52,13,4,47,22,72,6,47,65,39,97,36,38,51,69,90,90,12,72,75,39,12,11,31,84,77,8,3,85,20,98,79,75,81,65,3,69,20,3,52,16,45,89,14,70,62,19,54,87,12,96,82,47,43,58,95,25,74,51,20,94,4,26,71,15,73,14,6,44,47,75,75,46,87,100,72,98,89,23,14,8,68,82,84,42,12,99,19,93,27,17,99,65,77,10,74,30,73,85,62,55,23,97,49,27,71,16,22,37,56,45,50,59,77,79,61,1,18,69,96,1,95,44,9,64,57,37,34,73,71,55,85,37,95,25,15,96,87,65,57,44,41,71,63,47,73,52,28,59,13,75,75,56,62,14,2,41,21,63,17,28,84,84,96,54,9,21,37,3,93,8,42,92,86,95,20,7,43,22,69,50,31,30,10,41,56,74,89,64,86,16,46,49,47,85,8,74,77,71,14,13,98,30,98,65,66,21,1,15,36,67,36,60,21,32,66,68,82,36,32,36,16,90,12,69,54,70,68,54,11,99,55,23,59,91,45,57,91,61,66,44,20,100,45,60,57,82,60,62,20,57,7,65,97,72,47,88,47,80,17,47,21,92,62,7,90,55,30,64,36,32,48,31,52,20,9,24,41,88,55,7,88,60,51,96,39,22,24,69,32,83,2,73,81,95,28,15,27,57,38,90,28,94,68,16,89,46,96,95,94,97,28,42,68,38,97,26,87,72,81,87,18,50,44,29,64,22,33,64,15,28,46,20,1,22,3,2,11,54,13,66,43,91,15,30,48,95,76,39,4,16,27,31,39,84,6,70,13,84,40,86,47,52,58,68,80,28,60,13,2,18,49,7,67,11,5,19,31,50,27,1,51,66,77,54,79,21,5,27,70,91,41,30,66,88,28,25,18,74,71,37,43,3,71,73,15,94,93,3,27,80,69,17,55,36,3,67,71,65,94,94,42,60,15,24,29,14,8,85,14,79,87,61,3,57,64,3,37,20,7,85,17,79,53,8,38,25,99,25,49,9,25,95,10,84,71,94,29,78,51,65,,,,,8
36,79,19,24,24,60,27,70,2,57,28,69,60,85,51,37,23,48,8,5,1,27,4,58,1,53,40,87,35,16,2,55,36,39,78,92,77,83,29,4,82,90,49,33,33,42,76,97,50,28,38,97,72,51,16,22,90,69,50,77,78,48,48,69,47,71,76,45,27,75,69,8,84,37,100,30,55,78,32,84,16,10,92,66,90,91,56,52,1,66,28,9,6,15,30,76,80,65,19,24,64,22,70,47,53,63,32,37,19,87,67,54,42,15,46,95,17,4,61,31,22,79,75,96,93,26,33,84,12,43,71,64,85,28,68,41,89,52,2,62,80,80,7,73,14,20,59,30,83,3,67,25,85,58,38,40,95,41,39,90,8,3,1,13,25,44,84,71,98,73,9,3,4,34,23,60,35,3,44,93,57,47,23,37,8,97,7,35,86,20,64,87,3,73,29,37,70,98,92,32,91,77,31,74,33,22,35,61,94,63,97,39,76,4,20,54,46,59,19,80,24,19,61,2,5,77,92,24,67,95,21,85,6,6,21,93,80,83,49,26,59,5,89,91,36,3,74,72,22,49,75,49,56,23,23,73,61,70,29,61,78,42,93,57,27,32,57,2,63,76,74,53,14,12,49,71,53,100,39,69,82,75,33,64,30,42,48,24,55,88,12,71,26,21,58,31,24,15,2,90,91,51,76,63,72,4,99,20,34,11,12,49,81,6,88,44,95,15,84,35,25,5,57,97,92,74,35,58,50,61,52,32,9,89,76,66,62,9,80,26,75,3,81,73,16,89,43,78,7,87,98,60,18,54,62,48,84,63,86,10,24,22,15,27,69,14,31,45,87,33,4,73,66,2,25,91,59,30,88,22,49,89,32,85,16,79,64,37,1,15,45,19,79,55,94,82,70,2,24,76,19,12,76,30,11,60,99,15,13,78,34,5,47,5,68,81,86,36,58,25,73,58,27,80,88,71,73,89,6,33,45,61,68,43,85,54,90,32,67,38,77,76,91,12,58,82,42,71,20,98,69,1,61,66,42,47,27,88,90,41,37,67,50,20,9,74,93,49,44,29,78,87,77,26,90,18,29,17,24,92,20,63,43,51,40,78,53,17,32,23,63,28,81,62,95,15,82,10,21,20,41,48,84,66,74,73,4,9,26,21,3,35,76,58,51,22,65,33,96,29,30,84,7,57,82,37,88,34,51,65,81,53,98,59,39,32,53,83,13,20,82,99,53,72,31,94,3,84,28,24,51,34,23,61,96,93,68,33,13,17,70,92,6,63,63,81,80,80,87,85,21,65,60,24,82,94,96,26,68,18,77,35,11,40,15,41,60,94,44,25,58,70,64,97,72,79,59,96,32,9,33,24,4,38,84,98,82,31,96,49,40,48,32,86,8,73,41,4,32,67,39,91,35,41,66,9,21,24,21,95,7,53,46,26,99,49,,,,,9
15,64,89,89,12,41,46,27,20,6,35,53,32,61,78,38,84,34,84,63,80,32,29,89,85,20,68,10,7,37,3,3,28,53,18,25,19,73,88,86,32,64,2,100,72,61,59,66,59,86,7,42,34,45,96,6,84,98,63,87,26,19,84,20,6,61,26,23,58,51,79,39,92,73,68,23,4,27,74,69,16,8,41,95,30,72,61,85,1,89,8,4,52,89,44,32,67,96,66,83,32,89,89,75,40,61,100,66,49,88,30,34,1,82,87,45,36,64,94,14,51,44,57,44,24,59,75,28,47,97,10,14,95,58,60,18,49,25,3,19,72,17,2,17,72,56,7,45,22,86,11,92,83,93,90,38,81,64,99,22,74,4,60,8,85,13,87,65,53,85,62,97,79,55,93,34,18,74,24,46,1,59,22,16,83,97,93,7,63,60,18,97,72,23,89,71,29,11,94,77,49,65,74,20,22,62,73,80,96,58,19,60,94,68,67,24,75,34,14,31,21,19,94,28,4,16,17,16,99,33,59,92,47,42,8,84,78,91,100,46,20,70,26,76,77,3,9,73,57,87,27,40,85,94,36,35,13,4,57,42,46,99,43,91,68,81,62,81,79,49,14,60,28,8,8,31,55,33,97,43,79,19,13,6,48,30,9,92,68,62,75,7,100,24,24,80,91,98,19,69,73,92,76,28,77,75,60,72,32,19,51,11,97,68,28,96,62,63,100,34,47,69,81,92,13,72,78,45,22,18,16,18,23,44,64,91,61,8,66,94,43,31,42,3,90,51,53,40,47,38,33,86,29,14,93,96,25,20,70,43,88,19,4,15,44,42,87,24,34,36,8,16,59,57,89,41,31,45,57,41,97,59,96,26,68,71,92,58,78,24,41,74,44,31,34,28,70,75,61,5,47,53,14,87,98,97,25,47,85,35,73,61,78,27,81,61,31,52,86,98,33,68,22,53,51,39,14,9,2,90,43,65,31,58,9,77,29,7,97,25,13,50,5,95,6,92,43,49,74,6,19,70,14,71,80,78,87,94,98,96,43,35,44,82,42,64,33,79,40,34,20,43,21,69,2,83,81,96,13,24,39,11,79,71,83,82,17,70,84,58,60,60,51,63,97,82,50,3,15,81,18,31,98,14,4,24,34,96,86,100,58,81,46,89,29,38,55,5,44,35,4,68,68,3,10,68,44,31,22,90,65,15,68,86,68,94,5,94,52,17,15,69,41,60,49,47,74,93,85,30,3,80,61,84,97,43,94,53,69,80,5,35,85,16,93,85,12,43,62,4,17,12,95,74,4,29,99,30,84,84,4,75,28,37,69,42,26,79,56,22,35,98,64,57,31,11,26,95,6,14,40,41,7,51,26,43,57,57,8,1,26,36,52,8,67,22,54,2,64,51,33,1,90,43,43,9,52,5,30,83,100,99,79,74,2,9,,,,,10
2,72,69,22,29,89,93,25,2,5,79,53,61,68,92,68,15,26,33,37,91,35,5,26,61,77,55,96,90,68,4,69,22,51,1,41,23,83,90,36,26,33,59,58,57,4,75,84,10,23,75,27,97,8,84,95,41,61,99,58,68,79,81,28,49,32,56,4,5,7,97,91,45,20,44,83,67,68,27,65,5,24,97,77,70,76,33,21,1,26,43,28,39,15,34,51,50,34,30,30,15,97,92,49,12,31,96,68,30,84,20,95,58,11,67,73,11,54,4,30,82,1,29,32,23,73,24,100,97,33,9,66,39,56,77,9,56,87,4,43,76,92,99,46,87,96,1,57,34,57,38,86,95,37,14,86,41,60,88,90,16,10,78,79,19,100,46,19,100,75,85,63,77,90,60,3,100,22,8,84,34,44,55,37,13,97,78,1,53,64,50,66,35,13,83,96,70,94,34,78,73,24,73,55,98,52,26,76,14,73,85,50,9,21,58,22,34,100,98,31,31,19,25,66,73,90,28,64,15,29,45,23,98,29,6,52,5,78,58,10,15,14,62,91,15,71,3,62,18,53,17,92,68,92,14,99,33,14,94,31,45,20,69,68,68,50,11,99,74,95,72,87,7,10,95,14,47,41,19,100,31,96,59,3,9,15,8,34,74,36,59,74,54,38,43,91,38,82,2,82,7,38,63,30,40,15,71,40,79,74,28,97,65,85,48,88,31,55,93,90,21,77,100,47,84,45,18,45,15,64,86,67,63,82,17,42,25,7,92,53,60,8,65,4,35,68,58,18,39,73,22,100,47,21,12,28,63,16,19,43,22,22,99,95,70,89,5,43,53,17,78,44,57,75,91,97,49,7,13,69,85,97,8,58,12,61,5,64,1,85,20,45,73,19,71,84,80,83,27,52,64,61,99,39,82,9,6,15,48,87,52,84,80,61,15,63,5,40,25,84,99,22,71,86,62,53,62,57,77,17,9,30,10,78,72,76,84,7,96,3,34,86,98,47,100,83,28,99,6,2,42,92,37,28,47,21,49,24,87,63,32,3,6,13,86,100,82,66,94,27,19,77,40,88,60,81,98,23,62,6,87,23,29,99,14,54,5,64,55,88,38,1,20,67,35,95,57,48,88,17,35,93,64,51,72,82,37,31,40,64,96,62,38,69,48,31,82,1,25,44,58,99,58,83,71,6,64,46,99,34,14,16,50,42,2,11,25,91,19,4,77,9,4,76,65,77,68,48,84,89,69,71,10,64,69,64,47,76,59,16,31,91,3,86,45,43,81,6,80,68,3,57,62,10,71,98,64,19,31,63,5,17,3,96,78,19,72,55,20,93,68,6,79,33,71,41,68,26,91,48,45,88,27,91,37,89,36,87,13,34,95,23,64,56,5,88,15,51,57,37,61,72,22,31,51,1,78,33,72,52,90,83,28,58,100,25,,,,,11
62,36,37,81,95,28,11,70,5,19,26,5,22,10,22,85,46,97,42,43,88,51,5,26,86,51,88,33,79,93,62,42,41,83,78,5,7,76,42,88,23,24,28,90,55,10,89,97,83,93,29,91,10,74,35,86,91,92,85,18,80,86,43,69,87,61,5,2,91,81,19,59,42,34,16,23,9,88,56,15,92,8,58,68,16,15,79,61,35,33,49,27,85,77,5,3,93,61,88,40,21,22,18,97,25,5,36,11,94,89,82,52,85,85,72,73,81,24,64,77,48,80,95,47,24,91,69,53,35,25,68,55,31,16,10,2,30,77,82,19,80,13,8,24,89,52,85,72,63,10,92,15,83,94,45,23,44,41,52,82,50,72,42,27,80,6,60,99,97,71,45,24,24,57,71,50,95,76,100,50,20,100,13,46,88,97,59,16,46,52,5,72,73,43,20,90,10,91,36,48,90,8,29,60,98,1,7,74,79,68,27,67,1,2,21,51,15,27,57,70,67,19,56,58,12,23,68,8,71,66,58,45,24,18,59,29,57,72,38,80,92,45,34,65,95,23,95,12,48,27,87,27,41,86,21,4,45,30,52,36,28,16,88,93,38,47,48,43,62,78,67,37,10,41,46,29,23,60,78,4,81,51,79,86,57,14,7,81,39,98,63,52,89,54,79,94,15,77,13,83,23,71,62,72,69,17,9,53,27,44,37,39,30,62,2,48,37,43,46,34,52,56,22,91,4,53,56,98,44,2,4,47,71,62,70,44,65,6,77,74,58,39,66,61,5,5,12,85,6,84,36,42,14,29,74,39,51,45,79,64,32,5,26,60,55,26,49,27,95,100,38,37,1,41,26,9,34,9,65,92,55,97,85,69,4,68,6,88,100,4,27,7,99,90,4,2,40,7,29,71,98,55,79,49,46,41,98,47,13,11,93,64,57,37,46,44,65,49,8,75,52,3,15,50,70,50,40,74,88,97,78,9,4,71,10,28,92,44,87,58,59,38,64,38,45,59,57,7,99,64,3,84,36,17,66,17,71,71,91,69,19,10,18,82,65,33,82,32,31,2,18,93,89,85,5,70,53,66,91,73,11,55,23,98,38,13,8,35,92,87,32,34,41,72,30,96,92,26,1,90,51,84,62,11,100,57,21,6,83,72,40,69,98,52,29,8,56,80,64,89,47,72,32,96,33,87,11,21,33,16,36,45,44,38,55,29,42,50,94,57,14,71,40,73,47,31,29,48,42,32,76,51,83,92,53,14,51,77,12,59,30,6,100,19,14,21,81,50,18,44,56,41,5,48,58,46,45,19,66,40,2,62,5,21,98,23,68,71,74,83,47,67,84,79,22,93,38,50,25,46,22,52,80,8,12,81,32,1,78,85,23,93,95,54,32,75,44,37,5,53,97,11,96,99,4,21,14,51,14,47,57,29,90,18,99,3,,,,,12
59,1,26,9,86,92,53,21,2,47,99,40,66,95,95,67,25,36,30,12,25,50,5,60,43,57,87,10,10,96,17,94,49,27,48,27,73,74,81,62,82,88,25,49,93,16,91,27,40,79,47,98,75,64,11,4,79,51,29,84,32,31,40,37,29,56,96,55,74,6,72,81,36,100,70,65,67,70,30,73,21,26,80,58,64,70,14,35,95,62,48,82,94,15,90,52,4,69,66,49,17,39,2,51,29,21,92,46,59,8,44,93,51,7,61,82,89,61,93,32,8,7,21,64,64,18,74,19,47,17,25,6,76,35,67,32,10,65,43,67,74,76,74,17,96,52,1,51,28,7,27,84,91,83,7,94,24,84,96,28,12,30,73,98,60,35,44,39,17,94,94,20,25,53,20,91,70,9,62,95,94,18,43,8,77,97,83,34,15,22,78,32,73,71,15,83,39,70,100,66,48,66,2,22,53,91,73,69,76,71,10,96,8,66,90,41,37,81,55,15,22,19,67,48,7,90,53,94,53,71,22,50,20,42,98,12,65,31,61,80,51,43,40,25,89,71,23,68,79,45,23,7,6,22,71,95,69,56,36,34,40,51,24,32,60,20,47,59,33,52,96,26,25,4,6,46,71,93,39,32,79,57,53,54,34,4,6,24,66,41,58,74,5,20,69,40,46,38,49,56,20,50,27,68,68,74,94,91,49,35,28,34,21,16,23,21,80,27,4,41,15,64,95,29,53,51,3,3,85,49,14,8,17,30,93,1,62,99,89,81,48,43,74,6,83,87,53,6,41,80,80,37,70,64,91,90,33,4,5,84,24,18,66,12,21,47,71,46,51,84,67,99,20,35,23,96,60,31,50,33,21,40,37,15,68,51,71,49,49,92,19,57,79,93,69,68,76,84,48,62,3,20,12,20,92,21,41,75,83,30,85,83,50,23,52,45,36,60,75,45,96,32,33,21,16,17,71,5,74,93,29,62,28,76,67,38,91,79,18,92,95,34,14,94,33,84,53,15,24,30,82,98,21,55,69,65,1,95,83,28,34,77,96,27,54,66,90,52,49,56,58,19,71,21,84,67,52,82,15,66,65,65,4,68,87,90,41,48,55,7,99,16,96,36,19,26,4,9,48,14,76,56,12,55,9,65,28,46,46,42,79,5,11,39,6,34,53,10,15,33,61,13,83,66,78,26,75,47,32,43,37,10,24,74,36,75,7,17,18,39,95,73,1,50,67,17,6,78,88,18,85,82,52,54,12,68,85,90,66,35,42,79,24,44,87,14,43,81,10,70,18,61,84,38,87,33,88,39,75,80,83,87,93,95,35,54,11,47,67,85,73,57,82,33,84,88,2,40,56,9,33,68,41,29,73,18,83,27,41,1,81,5,92,96,26,24,20,27,13,55,73,1,38,38,7,1,58,5,46,95,88,28,49,72,98,95,,,,,13
5,97,86,71,6,87,87,53,34,90,85,52,85,65,69,60,12,77,46,32,1,96,5,36,68,45,80,47,4,82,91,34,57,84,10,37,43,20,16,68,26,88,46,6,18,15,76,92,89,92,25,74,33,98,95,38,28,76,3,25,23,58,18,79,94,31,39,31,96,99,51,46,43,41,100,81,6,29,12,71,97,98,56,50,20,91,71,34,27,40,63,36,41,50,39,3,63,47,18,43,55,9,25,54,12,91,16,51,50,96,98,8,78,43,70,89,33,3,4,24,41,60,46,99,12,57,54,12,65,100,45,79,97,26,97,6,8,33,40,28,44,23,65,73,57,80,22,25,6,66,67,41,35,57,30,49,47,71,96,76,41,20,13,47,71,32,30,55,79,12,84,90,62,70,79,33,69,36,98,8,29,19,18,78,57,97,19,28,63,85,70,60,19,42,33,65,98,97,79,13,91,36,56,19,53,53,86,83,18,36,64,57,92,67,81,98,97,93,39,97,43,19,64,22,25,86,9,85,82,73,85,58,36,42,36,97,53,85,52,68,96,72,2,21,82,2,40,99,35,97,17,3,5,58,87,22,38,22,13,17,9,80,39,23,28,42,44,16,11,41,45,30,4,47,38,29,27,95,82,99,60,51,40,53,75,9,22,1,31,26,100,67,92,10,61,6,88,73,7,26,3,73,42,88,92,8,74,72,68,78,13,72,98,76,99,31,64,82,27,70,4,53,86,76,20,19,44,58,52,20,57,15,42,75,79,33,65,92,39,72,99,4,33,53,87,72,23,30,89,77,39,58,39,100,33,23,45,6,52,24,55,15,64,95,58,34,49,94,96,45,27,51,87,20,34,94,27,31,27,43,33,77,95,54,76,2,87,38,42,62,73,100,65,15,93,67,38,53,90,60,90,44,20,41,17,32,93,21,54,44,12,60,2,68,83,18,91,77,54,69,88,24,97,70,3,66,100,84,21,72,2,81,57,51,21,72,52,2,10,26,12,1,72,84,20,93,22,99,19,60,50,3,55,81,50,13,52,1,8,50,98,43,93,78,86,94,100,9,87,13,31,12,100,27,83,20,95,35,74,96,23,8,89,78,13,28,13,97,41,85,43,41,34,60,55,16,17,49,40,72,70,38,89,97,94,10,43,60,54,84,64,90,92,89,88,5,97,14,7,44,59,29,95,29,87,24,1,17,95,98,56,27,24,87,50,89,67,25,77,37,8,83,84,26,61,54,59,45,7,43,15,8,39,90,54,93,66,50,73,6,42,41,63,92,61,1,88,60,16,73,2,41,20,24,1,83,42,4,39,3,12,4,67,74,37,95,30,31,3,25,25,71,56,27,41,29,36,31,28,2,3,11,28,24,62,37,46,75,40,67,67,87,23,98,32,92,90,60,45,20,58,66,66,97,89,84,70,56,84,59,35,54,82,75,97,39,,,,,14
96,72,39,17,39,61,77,66,74,4,52,80,46,89,65,17,62,96,20,47,14,27,24,62,98,74,68,88,84,96,12,100,85,78,58,86,24,61,16,64,85,3,46,41,79,82,37,15,50,64,63,13,89,79,61,91,79,71,95,68,34,38,73,40,8,49,16,53,44,12,41,73,81,72,14,38,59,87,29,63,29,82,38,66,82,43,99,71,3,95,76,3,48,50,42,29,82,87,44,42,20,77,54,38,94,67,92,49,89,19,28,66,82,7,59,53,29,83,62,60,56,20,42,80,45,33,91,35,37,45,4,18,31,14,73,74,82,59,38,100,5,2,13,54,95,14,65,21,30,78,55,33,60,63,72,25,61,10,97,83,79,83,21,72,64,50,63,43,87,43,9,12,11,58,97,86,3,98,90,95,84,48,21,7,55,97,5,8,48,82,70,77,31,37,37,45,6,4,79,48,88,99,28,99,56,75,25,81,62,13,27,96,5,4,43,40,11,51,9,26,73,19,99,64,8,50,79,49,21,68,43,26,22,39,88,29,70,25,81,18,69,48,43,2,45,70,63,61,71,18,47,96,81,23,6,89,14,31,73,40,42,2,64,35,65,48,70,68,92,54,97,87,94,95,78,37,6,61,46,38,23,21,83,65,38,28,80,50,16,60,13,14,8,92,22,65,98,37,8,53,17,46,27,40,34,97,61,48,70,59,79,49,26,80,99,39,74,37,70,64,25,58,26,57,66,63,92,25,88,52,4,36,2,70,32,71,19,51,94,100,99,17,11,76,63,1,54,38,23,13,7,73,49,80,69,52,86,52,93,51,27,36,77,80,14,3,24,20,79,42,99,88,38,37,38,19,6,35,69,5,19,81,53,62,38,42,8,87,64,94,32,54,27,45,61,54,89,54,51,57,53,52,65,33,48,87,34,39,54,33,53,11,34,33,91,40,11,10,3,8,23,81,48,94,66,22,70,3,69,26,25,12,21,40,42,31,28,62,18,98,45,50,57,40,72,56,93,86,66,48,54,75,56,6,54,71,82,48,37,60,62,44,92,52,8,36,75,60,76,70,95,78,9,79,76,38,91,94,84,73,13,2,32,29,42,16,4,10,43,68,37,11,99,97,13,79,30,35,52,99,58,66,85,60,56,27,94,32,70,79,63,36,49,27,26,93,22,43,83,82,12,65,87,91,20,61,3,26,95,37,94,90,73,25,97,80,8,47,73,99,91,54,100,42,27,23,83,76,86,1,67,37,16,97,98,52,10,52,26,62,35,82,7,33,57,68,83,36,82,45,81,53,95,18,62,76,31,6,98,69,24,12,23,20,6,72,55,25,81,77,1,53,39,20,72,33,50,28,50,33,99,94,15,98,1,71,64,80,12,100,87,73,88,90,66,50,23,49,93,51,89,19,23,49,55,1,2,42,31,19,18,7,39,27,82,28,,,,,15
71,78,19,87,51,56,90,37,32,91,53,34,5,20,57,59,49,42,42,9,57,21,4,3,51,49,81,70,27,35,20,96,9,9,48,91,75,58,8,27,23,4,76,48,6,55,1,65,52,92,55,97,69,78,44,15,56,53,9,25,30,9,18,66,22,95,2,39,26,50,27,7,2,35,4,74,21,76,21,77,32,73,100,93,90,24,38,34,77,47,28,64,85,83,59,23,67,70,17,57,51,49,20,6,74,56,56,62,72,7,49,78,81,4,10,87,89,22,54,23,52,24,42,14,38,7,58,57,12,89,33,29,30,50,44,61,28,38,86,19,88,5,82,50,84,35,81,59,7,83,93,66,14,95,85,66,28,69,7,47,54,69,55,82,65,60,29,67,53,27,74,1,6,41,11,87,24,98,30,38,38,53,28,12,71,97,10,31,55,46,82,44,98,10,31,87,3,29,95,98,51,38,3,14,75,85,11,78,31,83,26,49,64,28,57,94,46,91,8,79,40,19,30,36,7,67,17,86,91,100,23,75,66,35,72,24,89,96,76,60,56,94,74,67,11,9,20,46,95,83,100,43,61,76,99,22,6,91,51,37,6,47,64,74,40,13,56,11,55,88,92,14,7,24,90,96,1,55,69,82,31,58,1,86,5,5,71,16,33,16,77,37,38,79,22,8,19,32,2,5,60,44,3,66,18,6,3,91,27,59,54,9,6,3,98,12,40,63,96,43,15,4,38,56,74,91,73,31,9,69,51,1,70,88,44,30,26,11,69,91,6,29,60,64,87,32,79,1,32,59,94,35,91,14,13,69,99,25,88,41,73,31,57,65,21,63,63,24,4,52,95,79,70,92,43,3,91,9,8,49,39,30,20,31,25,81,32,22,73,52,90,24,62,11,58,5,36,80,78,41,53,24,30,70,64,46,6,30,24,61,76,81,19,64,12,95,84,26,99,43,63,23,25,75,81,38,42,93,68,38,64,64,77,15,10,54,95,24,78,15,25,43,85,10,71,91,17,69,10,37,22,43,44,87,83,60,56,5,50,83,82,44,85,93,63,34,62,15,67,63,94,57,5,25,4,70,77,18,33,56,78,83,27,15,47,53,73,35,38,85,59,8,53,59,25,28,27,21,71,4,10,84,56,79,100,60,41,32,72,87,49,84,48,7,25,54,82,22,12,52,69,97,51,83,66,11,56,91,79,60,51,84,94,14,94,5,25,31,41,57,55,74,31,93,19,91,28,32,46,69,45,84,50,74,58,44,96,10,41,90,15,15,13,49,29,9,23,8,22,73,46,87,30,86,76,47,48,69,59,80,71,21,71,4,33,62,68,100,60,30,72,51,97,9,51,15,68,39,58,26,57,87,84,55,63,29,48,18,90,23,14,63,72,98,83,60,66,68,46,28,21,64,43,13,89,97,74,54,59,100,95,97,68,12,17,47,,,,,16
22,20,41,38,65,9,56,60,96,63,74,79,43,70,93,82,80,2,9,22,67,76,61,56,96,39,96,28,4,94,65,84,70,50,46,18,27,64,38,20,65,58,6,25,2,41,39,22,91,66,36,98,96,83,97,94,48,2,15,53,7,68,53,88,73,74,68,39,81,13,39,82,72,31,45,43,21,64,50,20,38,42,47,37,68,26,46,1,21,30,86,26,34,23,15,41,1,4,86,67,70,72,90,54,75,99,21,71,84,94,45,55,16,61,52,23,10,70,14,95,5,14,60,92,46,67,63,38,81,90,5,69,56,40,61,12,75,85,85,79,29,13,45,44,81,87,18,35,90,47,43,46,24,35,52,23,16,57,31,7,67,89,79,62,80,51,80,33,49,14,72,19,6,38,59,3,37,32,96,65,20,79,47,91,75,97,72,27,85,82,26,27,40,31,25,73,69,47,18,95,38,48,1,78,96,44,65,1,71,46,27,16,11,38,78,28,13,21,7,72,10,19,14,30,93,25,47,66,49,64,83,21,77,21,53,62,31,5,64,31,68,74,34,53,90,51,75,48,23,83,93,24,5,16,45,19,53,13,70,18,8,6,24,84,44,4,85,86,94,11,70,55,100,80,49,83,30,99,62,61,73,11,19,80,63,7,81,89,37,25,1,89,15,32,66,54,48,43,37,81,25,47,14,33,61,18,68,46,10,79,75,43,78,94,59,78,98,59,19,61,48,26,60,17,71,28,57,28,52,79,82,47,76,99,60,63,46,25,11,22,47,5,29,79,43,62,56,70,97,29,55,79,75,44,70,84,3,95,14,84,2,19,71,93,94,12,68,33,28,96,78,74,83,72,7,23,9,95,49,47,28,35,58,26,38,17,59,40,4,59,48,80,40,85,68,82,92,67,87,39,10,99,76,89,95,36,84,65,16,40,43,47,23,23,80,44,60,22,59,22,79,50,47,51,80,14,61,43,61,29,72,22,12,2,87,38,72,42,55,44,84,12,27,62,43,83,55,92,20,37,43,7,85,67,80,21,50,2,46,42,49,22,26,76,6,55,4,15,99,20,57,91,62,84,15,34,61,8,100,8,47,47,38,73,60,31,85,1,94,61,67,49,4,57,58,35,65,35,34,14,22,14,10,93,49,6,3,68,92,12,83,62,19,89,52,48,98,12,48,66,54,97,25,51,55,42,7,42,1,87,68,33,78,68,36,7,12,58,77,22,96,56,50,39,80,80,11,37,74,89,96,82,32,30,1,32,53,7,46,42,99,30,18,100,58,40,25,52,97,25,65,7,4,4,45,13,12,41,80,96,82,24,67,94,64,96,42,99,80,3,98,78,32,88,28,59,72,31,31,25,56,99,78,38,11,61,32,3,41,14,30,9,59,4,61,55,52,2,14,41,82,19,87,81,46,37,34,97,36,98,49,33,58,26,45,82,,,,,17
92,75,37,75,9,68,31,60,76,59,58,18,30,69,34,67,64,51,4,52,27,40,91,26,44,17,46,39,45,10,42,93,5,97,29,73,1,90,100,98,70,6,85,100,38,57,93,16,65,41,3,95,81,14,96,51,9,7,41,80,69,66,17,13,78,6,33,32,44,53,60,79,64,84,30,1,81,71,73,61,17,2,95,94,76,96,90,94,60,55,99,74,33,36,70,89,32,69,62,50,56,80,54,94,40,75,23,6,43,25,12,63,52,38,63,43,33,32,2,49,58,61,58,40,66,4,58,37,69,30,26,30,83,2,87,54,82,44,70,58,9,91,44,84,52,47,39,12,7,88,46,88,11,3,5,36,71,46,61,36,73,25,59,15,63,97,32,31,56,90,85,17,8,47,11,32,85,99,48,97,4,12,52,31,91,97,80,47,46,41,96,45,36,85,77,9,44,97,92,12,54,6,64,84,21,67,4,60,39,67,24,74,95,13,11,54,60,74,6,31,86,19,37,54,41,90,10,70,92,33,58,48,34,39,33,88,34,89,58,88,69,96,50,26,33,77,33,84,86,25,81,47,16,41,7,58,45,46,52,80,21,88,3,91,54,2,24,36,39,53,64,21,58,21,29,14,60,65,77,29,50,94,56,9,17,54,5,16,3,88,3,94,60,79,85,78,2,95,65,32,19,55,80,55,34,87,51,9,35,14,77,63,6,10,76,26,79,27,54,38,30,20,27,4,74,97,11,95,44,15,42,67,78,49,79,61,93,79,79,48,72,1,96,67,90,66,46,16,96,98,93,36,61,97,2,49,37,33,52,78,61,56,25,61,9,66,70,54,12,42,12,59,90,13,67,91,86,36,19,29,25,66,70,75,96,77,55,85,95,25,17,52,48,23,96,95,13,83,90,63,51,83,51,8,61,5,34,33,29,1,59,74,85,22,40,30,84,80,33,15,47,6,5,35,97,88,8,69,74,33,29,73,44,34,76,58,11,24,90,24,30,52,80,98,67,61,20,61,74,42,56,52,10,8,57,24,68,69,83,27,31,12,89,9,48,92,68,13,40,51,16,59,25,81,23,9,58,77,20,66,44,13,60,73,26,73,71,53,32,8,71,6,1,79,22,62,34,35,8,97,2,72,26,50,78,30,14,16,67,55,47,34,86,52,21,75,87,63,31,95,54,17,95,95,17,15,55,4,57,19,64,39,37,92,4,32,98,1,96,95,88,95,99,45,61,30,21,62,77,69,48,34,40,22,91,17,35,51,27,64,18,73,14,32,92,52,73,38,9,22,88,25,1,92,80,74,43,17,77,61,82,75,75,46,73,70,50,25,15,43,30,74,75,34,33,29,39,63,56,30,52,86,9,67,100,28,44,38,33,14,95,71,19,36,12,4,68,61,85,75,81,7,6,32,1,67,20,65,1,81,88,63,90,76,76,50,,,,,18
47,51,2,74,31,46,34,41,59,70,43,4,36,59,50,82,95,48,35,43,81,56,58,4,98,95,71,21,68,76,94,9,81,1,11,19,29,58,16,36,73,84,74,31,66,55,35,93,14,94,16,74,13,80,79,64,29,56,7,61,26,49,46,40,33,60,80,38,72,54,6,51,51,46,42,26,73,11,78,30,30,72,12,3,15,88,76,38,13,71,22,12,78,97,18,14,71,69,57,87,32,61,39,66,75,73,88,97,36,55,95,11,40,10,48,90,97,79,14,91,10,28,24,70,41,90,76,18,4,68,36,3,20,80,85,96,84,81,32,80,71,37,21,74,89,49,78,70,68,82,47,43,23,95,87,65,28,27,13,95,22,100,76,21,52,2,37,24,77,39,6,69,3,78,78,76,71,26,56,32,29,98,18,96,72,97,36,88,47,71,84,82,46,3,4,29,30,26,33,75,42,48,89,14,78,90,53,87,33,73,15,99,35,55,39,36,48,81,97,82,30,19,66,20,99,76,37,61,95,53,15,41,68,32,18,7,52,14,16,78,81,55,65,58,70,27,8,55,12,16,2,18,28,95,69,56,16,66,81,27,80,50,21,72,24,94,2,82,77,96,17,46,77,60,60,48,85,88,35,55,43,31,88,97,59,15,17,95,87,67,69,71,93,22,28,70,26,70,46,98,13,97,43,86,86,43,9,35,69,77,88,45,64,30,44,22,25,36,89,83,34,34,39,60,47,87,83,7,42,92,32,48,61,76,36,57,46,2,15,100,73,72,72,51,9,30,68,59,2,18,26,5,22,11,67,92,25,13,2,4,70,59,39,99,72,8,30,43,3,94,54,41,62,62,32,57,70,4,6,36,80,10,32,6,97,93,47,54,80,93,59,51,27,5,83,42,29,11,24,63,14,46,33,76,82,4,75,94,41,12,1,37,18,92,32,11,99,78,92,70,6,6,91,76,62,12,98,83,51,98,90,72,80,52,84,46,96,55,28,77,87,43,16,89,48,64,63,52,98,91,86,17,86,92,95,35,49,60,7,41,39,31,89,83,20,45,85,66,96,21,42,45,93,73,95,86,9,53,54,34,76,47,7,16,39,91,39,65,19,58,82,72,1,50,57,42,11,45,54,85,78,81,73,67,50,1,65,54,7,33,78,48,39,54,38,38,10,6,47,33,72,56,37,45,88,2,35,36,57,41,87,65,26,69,97,90,42,55,22,83,59,92,21,57,54,88,70,1,64,42,81,84,35,35,32,1,42,70,1,73,88,60,22,89,69,6,91,79,13,90,4,66,9,23,15,75,49,34,22,43,95,89,31,53,77,50,23,96,57,9,75,8,78,3,74,21,17,26,59,2,54,71,90,25,60,20,72,70,94,66,64,36,57,91,49,75,46,20,14,60,58,53,11,73,24,87,31,68,86,50,88,81,87,26,43,12,,,,,19
66,1,78,78,83,74,95,68,85,17,41,65,11,73,24,34,58,2,91,20,73,29,31,88,96,75,17,17,8,13,80,48,28,1,85,69,26,33,40,29,9,6,48,26,1,71,1,77,81,9,62,55,59,6,39,31,90,78,26,14,1,42,42,78,99,92,70,13,32,6,63,22,24,3,14,9,73,47,58,7,41,89,43,82,63,3,7,91,49,99,94,90,41,93,83,59,19,65,93,17,83,23,100,3,64,50,96,71,70,55,94,70,14,62,30,90,90,38,34,92,61,99,48,60,33,23,33,77,76,69,30,37,40,30,87,64,51,92,52,49,30,9,64,58,26,68,87,13,30,14,41,6,100,100,39,68,57,42,85,1,87,56,50,38,93,60,2,23,28,8,48,14,43,81,59,71,61,86,98,19,23,54,69,92,41,97,76,2,51,59,84,34,77,90,19,82,62,2,55,63,55,48,35,91,28,7,4,75,60,82,34,72,14,82,16,88,56,75,78,40,81,19,21,83,34,33,49,62,90,93,97,88,42,18,71,78,87,87,14,74,66,39,48,1,36,56,68,61,31,54,51,17,4,92,95,92,49,64,78,32,87,96,90,57,65,17,97,84,96,73,14,54,83,51,70,29,84,81,84,83,32,22,30,53,53,65,31,30,26,10,33,51,76,87,28,65,18,81,39,23,29,11,84,17,75,97,75,45,35,90,51,39,13,42,79,52,68,19,58,46,88,14,14,2,99,83,73,81,19,85,8,29,90,38,76,53,14,64,13,33,66,41,41,51,48,47,43,3,35,59,13,94,56,58,50,74,52,38,87,56,18,70,62,95,50,93,26,40,91,21,2,72,69,90,82,83,97,79,89,26,11,60,35,79,78,40,82,87,7,95,30,18,83,99,92,72,72,24,57,38,1,56,76,14,36,20,31,9,83,49,61,76,34,43,63,60,45,76,36,87,16,68,8,64,94,56,47,69,68,75,13,6,70,57,20,18,60,95,92,29,70,16,1,31,53,53,91,68,18,27,48,50,52,66,53,61,30,39,44,59,72,3,42,49,3,16,70,24,55,36,96,28,84,99,90,99,42,93,65,3,97,41,11,94,9,65,49,6,80,7,68,11,41,1,25,99,56,29,43,90,10,79,37,68,40,17,4,21,82,73,35,36,100,59,90,3,78,40,39,81,3,1,81,93,57,88,57,19,1,99,94,86,61,56,57,94,40,34,36,83,49,14,73,54,12,12,32,18,100,91,56,11,82,81,16,36,53,59,97,68,75,94,96,42,46,61,79,83,74,9,33,92,72,1,4,57,2,29,76,61,41,13,81,59,28,37,23,99,33,94,10,45,66,82,80,93,11,32,71,30,42,90,39,84,28,77,11,81,19,53,40,24,38,81,45,88,41,3,24,24,61,49,49,41,57,6,97,2,29,78,34,78,74,23,85,16,,,,,20
90,12,30,97,70,36,86,63,54,18,77,75,3,8,81,11,49,48,2,59,22,96,85,94,51,74,56,91,29,31,14,70,18,9,1,51,17,13,99,86,14,99,4,78,45,8,6,36,72,79,41,62,87,83,83,44,8,60,84,62,76,19,13,31,57,100,34,29,72,52,91,1,46,18,13,70,65,80,37,71,34,42,88,52,40,94,20,41,55,80,62,36,66,79,96,82,25,25,62,75,31,19,89,80,4,17,37,45,97,91,76,69,61,8,1,50,31,98,38,30,35,95,70,74,96,43,76,31,48,42,81,5,21,76,85,45,7,86,95,7,73,94,23,4,65,9,52,89,18,65,30,46,71,93,84,93,60,54,4,92,68,88,52,98,88,79,36,30,48,14,46,45,28,42,23,57,90,56,81,30,90,90,74,51,75,97,10,58,10,17,22,91,89,32,8,51,26,16,95,78,3,18,96,54,24,27,88,5,94,13,10,64,37,1,100,29,63,72,30,31,70,19,86,18,47,44,34,16,95,25,7,49,33,38,14,33,31,78,6,55,90,29,60,97,56,8,9,90,94,66,89,72,57,32,19,65,99,34,85,60,98,74,50,37,35,60,30,42,72,20,13,57,45,1,74,81,20,53,38,17,92,96,64,52,39,67,57,80,68,55,32,94,52,65,58,69,89,78,38,96,59,57,24,33,1,27,81,33,7,20,65,61,14,35,23,100,65,32,98,100,10,3,86,83,61,51,60,58,73,89,87,28,41,85,27,39,23,30,29,40,84,18,93,75,90,80,29,29,23,49,36,28,61,31,39,74,46,15,72,72,54,62,19,44,8,50,38,1,97,96,71,87,34,74,4,74,74,98,48,9,77,20,51,79,73,91,48,10,76,68,28,7,24,65,43,95,87,97,24,93,50,48,94,63,60,4,75,70,66,76,49,56,8,3,78,3,23,75,72,63,4,84,100,46,42,27,46,40,34,22,45,15,78,74,78,49,35,66,67,42,60,53,1,59,86,55,63,83,96,1,100,34,85,35,37,85,50,79,48,93,68,31,74,36,38,21,34,15,20,20,20,76,30,59,33,44,32,9,29,24,55,62,63,49,83,68,34,67,41,3,53,57,54,76,61,55,98,57,81,53,37,63,57,73,13,60,34,13,69,21,61,69,84,18,82,27,37,50,26,60,79,19,16,6,47,19,52,73,63,47,64,79,25,12,70,42,36,75,90,75,27,88,75,99,97,69,77,38,43,85,26,8,29,12,9,30,85,30,85,63,88,39,49,19,93,43,39,52,22,87,14,9,64,44,16,37,49,67,46,21,49,83,55,36,61,92,80,26,17,85,38,26,44,10,14,20,58,8,87,68,77,96,95,63,14,44,95,84,8,97,54,70,70,52,92,38,30,35,11,83,45,3,89,61,48,46,50,82,70,40,36,95,49,17,1,70,,,,,21
57,74,65,37,99,48,68,21,42,14,62,72,39,58,24,31,17,36,97,51,98,84,32,82,13,25,54,25,3,83,65,80,9,92,28,18,5,69,20,60,89,79,98,59,7,71,15,15,48,4,81,64,60,35,54,52,9,60,12,98,74,34,81,23,88,27,26,49,35,46,14,80,42,58,60,34,68,39,97,76,51,49,72,79,71,62,91,20,7,84,51,74,13,90,94,86,54,1,61,4,37,62,44,87,56,31,20,31,19,54,28,21,4,45,35,69,22,75,46,9,65,66,24,97,27,81,16,99,64,65,67,29,27,30,79,43,99,32,88,61,57,18,40,33,62,62,9,60,2,94,1,12,35,60,15,15,45,57,99,64,5,54,65,94,52,2,17,76,14,84,17,54,11,87,50,79,84,19,46,98,31,80,31,96,57,97,53,43,19,7,61,57,86,15,9,20,77,62,25,69,52,24,82,4,85,64,60,39,88,70,16,34,8,85,59,41,100,62,27,9,85,19,38,26,95,63,9,62,91,30,60,3,20,1,43,24,46,84,73,81,59,50,6,46,93,18,48,82,62,51,50,33,26,31,62,50,75,6,94,89,80,32,37,8,83,96,40,13,14,60,50,17,68,88,85,33,6,100,43,63,43,11,80,11,97,28,45,16,12,32,62,73,79,49,72,55,81,57,46,73,76,45,74,85,1,15,98,41,100,36,33,15,42,41,50,85,48,89,18,47,74,71,94,22,89,51,18,70,27,67,30,68,100,84,46,53,82,4,49,96,37,16,14,73,25,10,14,51,99,55,7,23,41,24,16,68,82,38,53,16,53,67,7,20,62,68,78,52,26,33,55,42,58,63,1,13,66,56,71,4,37,11,39,19,58,80,95,60,72,66,32,72,13,4,31,94,26,18,2,2,71,81,89,41,31,65,99,74,17,82,23,19,73,52,50,37,96,93,93,1,84,97,67,43,30,16,24,14,13,75,81,99,10,94,83,41,21,94,16,43,65,33,8,68,20,94,28,67,3,74,43,92,33,66,56,79,91,92,86,45,21,50,3,85,61,44,36,76,4,59,80,59,81,3,69,30,47,1,70,39,29,2,41,98,18,1,35,63,73,87,62,46,7,99,74,39,42,34,74,32,67,90,51,9,71,83,33,56,75,77,100,18,75,74,89,43,87,95,6,98,43,96,88,93,63,60,88,87,61,35,49,19,56,7,7,98,100,30,14,36,33,32,87,5,67,81,65,96,11,5,73,72,84,27,26,40,96,7,97,76,79,47,28,70,39,68,5,83,51,95,26,75,69,54,6,19,46,72,14,60,76,23,47,96,49,70,64,90,3,37,53,33,86,36,92,75,82,51,28,40,92,15,96,25,1,70,34,15,55,38,31,42,82,58,15,68,31,30,37,68,12,65,80,44,6,79,35,7,89,54,52,61,40,28,70,27,,,,,22
5,5,100,21,48,95,82,100,77,46,15,5,20,99,93,100,90,88,22,27,58,20,18,87,57,5,89,48,84,31,87,21,52,30,66,29,29,44,2,81,86,31,74,49,97,48,31,90,30,41,71,29,10,2,87,74,23,47,51,48,81,91,3,73,70,96,9,10,96,33,86,13,92,34,79,4,91,85,75,63,52,98,83,8,40,94,24,17,19,77,15,80,87,87,73,16,17,27,81,62,60,28,12,93,85,43,100,87,95,83,12,52,47,10,17,77,53,27,35,83,9,44,58,72,64,31,70,36,43,16,1,36,62,48,54,69,41,6,19,50,18,10,8,92,76,28,61,42,37,20,86,49,11,73,97,93,24,78,51,62,50,56,58,69,94,92,33,23,68,56,35,80,4,74,88,72,9,39,66,34,80,19,75,2,67,97,27,44,81,99,96,16,42,53,34,80,2,81,85,36,16,27,98,42,21,11,7,7,39,43,53,76,14,37,46,66,27,2,26,97,85,19,85,65,41,61,63,29,35,100,92,91,62,17,15,73,78,2,38,28,39,42,50,30,10,98,36,18,54,54,80,59,97,28,44,28,37,76,57,27,48,40,67,93,91,70,92,16,90,22,9,52,62,52,51,47,70,85,85,18,42,88,37,54,1,31,65,81,91,30,100,78,37,38,7,94,14,50,83,11,47,7,78,66,22,82,27,46,40,4,40,7,71,75,56,50,42,96,92,20,18,74,46,98,60,13,6,35,79,9,37,68,63,85,16,99,24,19,35,7,16,55,81,54,76,74,89,55,21,26,24,77,64,11,4,65,40,37,82,78,98,39,53,89,10,8,1,81,55,71,38,61,38,23,65,75,31,74,48,63,1,80,72,58,11,49,74,23,91,1,61,85,45,80,1,15,75,53,44,39,60,98,61,58,63,70,57,72,22,1,29,56,59,52,53,91,49,68,99,4,70,5,78,62,50,41,94,82,46,79,31,34,94,43,36,3,17,26,14,82,77,50,61,95,7,69,49,13,20,35,72,5,62,59,90,84,75,10,14,89,12,90,95,81,43,54,48,3,47,66,27,89,48,63,84,98,59,7,61,70,70,17,9,93,2,14,24,22,66,40,99,82,19,14,90,79,49,26,45,38,18,64,71,32,80,18,50,71,66,20,57,45,80,65,60,57,45,66,21,59,42,52,71,50,53,32,27,85,87,9,68,59,94,76,88,60,24,47,34,63,87,57,43,73,51,58,54,6,65,64,34,27,30,12,12,19,91,92,18,43,73,91,89,68,82,26,91,63,94,57,3,61,63,23,31,61,31,37,39,48,1,92,73,58,69,10,9,16,52,89,74,98,44,48,47,16,66,42,92,37,77,20,96,55,84,51,28,43,64,38,95,63,11,67,6,50,75,58,2,34,55,69,44,34,17,71,2,81,64,29,66,27,59,10,86,66,,,,,23
20,72,54,44,33,18,99,43,84,92,8,72,82,35,61,82,15,55,18,49,91,31,48,23,39,98,52,67,48,84,34,41,31,59,39,35,46,68,3,68,73,31,32,68,53,53,27,6,91,90,3,16,40,10,82,2,57,86,77,98,12,41,87,67,6,94,38,23,91,49,64,30,89,22,61,59,2,11,15,64,77,68,79,85,82,71,65,95,15,57,45,6,18,33,46,85,28,35,60,15,37,64,83,39,62,71,14,73,70,96,19,19,89,31,10,84,15,48,36,14,89,41,74,53,16,28,28,53,81,85,44,81,6,99,82,68,28,35,17,97,57,5,45,28,51,34,18,11,88,46,80,33,65,11,47,87,13,97,29,28,50,22,53,25,10,84,48,84,67,66,84,34,52,21,78,67,88,18,66,45,61,98,94,69,32,97,8,22,61,50,9,62,99,13,13,17,29,41,71,32,82,12,69,12,51,91,1,29,11,6,61,3,58,28,94,87,83,32,47,41,63,19,11,39,10,40,31,1,74,80,73,91,9,51,79,59,49,96,77,34,96,59,12,58,4,86,83,49,52,71,15,67,96,36,98,91,75,99,59,43,96,87,53,13,43,53,35,87,69,39,20,47,3,26,4,80,23,64,56,87,92,75,92,62,84,39,31,59,63,97,73,68,33,5,22,48,14,91,70,70,1,87,3,95,84,47,28,71,88,82,25,84,90,10,97,22,54,52,90,79,81,6,81,64,54,71,60,36,67,100,66,20,5,24,58,28,38,89,94,39,96,92,30,44,62,22,82,31,70,55,95,48,7,80,5,5,78,20,97,62,65,28,82,30,59,24,86,45,64,13,28,79,82,1,88,56,8,70,77,64,27,47,46,7,99,8,66,66,63,48,38,77,53,59,59,42,4,15,69,93,89,67,53,61,59,5,36,19,88,77,64,35,74,62,8,63,39,92,82,81,90,36,30,46,99,32,32,37,31,10,73,13,10,50,2,71,58,69,97,44,62,14,54,97,93,88,2,77,83,84,86,31,51,22,15,73,96,46,76,46,26,21,45,10,61,71,30,67,48,32,95,81,4,79,66,51,36,31,32,91,53,39,11,62,28,51,8,65,9,20,16,58,78,16,37,47,85,32,12,37,51,63,54,63,30,76,28,6,7,18,47,7,95,8,65,54,26,80,98,69,61,5,64,65,51,66,74,42,8,92,34,17,92,95,91,72,46,21,42,29,19,55,19,22,12,77,11,81,85,95,44,62,19,52,97,54,63,38,15,42,12,44,100,74,25,9,100,89,92,78,73,35,51,7,67,9,38,2,13,70,74,9,82,91,63,65,34,34,1,29,23,91,8,61,47,47,7,90,72,88,20,64,37,18,49,96,29,34,44,63,100,62,32,91,31,96,78,79,49,67,63,22,89,19,67,42,42,36,12,44,84,68,28,75,82,13,,,,,24
96,71,11,57,4,78,73,8,32,68,12,71,7,30,40,44,81,69,59,22,1,72,94,97,13,51,82,47,5,74,94,3,74,62,75,92,2,23,62,50,94,19,98,12,22,18,30,82,46,3,20,63,4,35,56,83,63,90,76,11,39,85,43,58,8,17,82,90,82,40,69,44,20,64,1,79,87,87,78,63,77,43,33,22,87,12,54,79,58,52,72,46,35,81,68,85,100,19,56,8,29,3,77,47,91,20,60,86,87,95,32,75,47,67,48,35,92,99,8,51,89,73,76,53,36,6,43,62,4,64,18,89,22,42,79,49,42,93,59,35,27,5,42,77,68,29,48,43,96,26,89,35,14,40,17,9,28,12,64,38,98,86,60,98,70,46,4,57,94,81,58,93,17,39,17,63,63,41,5,62,24,60,93,44,97,97,82,14,40,58,21,40,35,48,37,81,13,50,12,63,80,14,40,59,75,80,47,80,90,12,43,16,74,27,70,52,26,46,53,27,53,19,3,2,59,53,29,13,67,15,100,45,47,99,74,31,14,29,48,37,28,8,82,12,66,46,8,98,51,13,77,56,71,79,42,23,33,87,70,73,1,44,67,55,50,89,61,43,12,6,20,12,88,71,81,69,84,74,81,7,82,94,88,96,66,9,23,26,14,91,60,24,67,45,55,51,72,13,38,50,83,83,92,73,46,99,15,75,45,18,94,12,95,84,52,60,77,11,40,82,50,76,18,8,87,95,29,54,53,78,90,38,81,17,36,21,83,31,70,32,12,85,72,90,42,71,24,40,33,100,65,55,18,24,53,92,46,12,66,46,98,38,34,60,73,17,68,73,66,27,69,33,86,38,4,23,98,85,5,70,97,37,1,14,38,7,49,67,80,28,73,35,100,22,90,46,89,84,22,44,82,88,87,56,73,76,97,38,20,16,6,82,53,92,49,29,97,97,75,69,89,15,98,43,93,19,11,49,86,88,84,61,7,64,60,41,37,18,51,59,66,37,26,91,85,22,94,15,3,36,50,43,89,84,15,79,59,77,30,87,54,94,92,41,78,13,6,5,23,100,36,94,73,3,4,68,31,35,49,56,88,43,9,39,80,50,65,64,64,7,20,4,57,52,88,27,69,21,83,29,25,51,10,7,78,73,41,28,75,3,55,87,14,28,16,82,16,21,91,12,46,24,17,1,72,47,30,56,59,22,10,54,50,90,67,74,71,39,66,1,96,42,18,31,56,62,30,64,95,4,79,3,3,24,8,88,49,68,77,48,38,31,54,42,93,46,60,100,79,83,83,76,30,38,6,84,72,43,42,83,13,95,24,100,98,65,42,56,17,76,64,54,37,23,57,22,79,62,24,87,21,23,13,14,58,81,94,6,10,13,82,48,44,67,72,61,35,60,7,22,56,39,87,92,55,31,82,94,86,83,12,57,48,70,30,92,,,,,25
42,5,60,3,94,76,27,66,80,91,24,16,96,95,7,43,56,64,94,67,12,16,21,49,1,61,61,51,67,22,54,64,33,19,76,25,32,79,39,88,72,15,92,31,66,50,22,12,81,63,31,17,20,32,85,32,65,28,68,78,30,22,55,64,84,54,39,11,63,88,6,36,83,1,54,1,25,4,87,58,85,93,22,42,51,14,5,68,13,45,54,67,97,64,90,75,30,90,57,57,60,74,29,63,14,56,13,84,93,60,73,49,22,86,52,6,62,28,90,18,41,84,60,2,4,2,59,13,100,58,65,89,33,21,91,76,88,9,39,43,46,41,51,4,56,22,51,99,20,73,66,20,89,94,69,40,84,79,29,7,70,33,46,58,27,82,30,31,55,94,16,1,5,75,26,40,88,42,63,32,18,12,17,93,82,97,30,54,17,47,32,66,82,40,19,59,34,16,39,44,75,21,4,91,10,30,51,56,62,77,90,61,70,70,88,52,44,61,35,11,63,19,4,72,79,90,89,1,84,30,47,37,5,93,88,42,49,7,27,94,53,22,31,56,58,70,71,41,47,52,22,15,11,52,100,28,69,49,63,85,94,80,4,43,71,89,35,4,25,44,30,23,74,44,38,30,5,23,21,81,99,68,18,64,82,60,97,25,3,64,90,36,22,1,37,32,8,34,40,54,24,43,29,98,67,84,76,58,61,16,63,28,18,76,6,76,59,35,19,76,94,29,42,14,70,57,44,63,70,90,72,36,57,31,31,66,63,53,92,98,87,4,95,85,47,11,86,79,82,59,59,37,78,100,31,44,31,77,87,50,12,2,34,26,33,30,86,87,3,86,55,19,50,12,30,61,92,48,71,12,35,43,96,18,79,2,40,11,80,85,48,93,69,67,46,95,83,47,21,77,9,48,90,20,32,6,82,40,1,2,31,35,61,58,14,84,54,29,19,57,36,82,97,56,35,40,84,37,33,78,21,77,58,65,46,24,1,66,97,85,13,54,23,89,48,75,65,68,25,61,6,83,38,12,38,1,64,82,91,80,47,30,46,92,46,86,94,80,30,11,43,72,3,83,24,89,90,6,97,40,46,22,27,32,23,38,39,44,73,94,77,58,99,1,37,58,38,14,63,21,50,58,81,76,47,75,44,98,72,43,71,8,33,39,68,74,87,24,4,3,24,2,42,5,47,7,37,59,84,46,91,34,90,8,53,9,50,27,98,19,72,85,2,38,15,19,93,86,88,5,72,40,66,54,47,97,52,35,52,41,77,79,66,32,56,60,39,92,7,5,89,28,9,6,40,70,60,60,22,97,29,3,99,94,94,73,89,39,90,61,91,26,39,51,65,63,45,28,83,42,80,73,80,21,9,59,7,80,91,64,42,96,18,65,55,33,15,23,17,6,96,8,54,43,18,17,51,10,99,18,75,53,43,34,68,26,,,,,26
1,80,47,95,33,90,31,18,60,90,77,12,46,34,62,6,36,91,96,88,15,8,78,24,39,59,53,60,4,93,23,36,17,49,70,94,13,27,17,57,73,73,90,90,64,41,73,68,30,43,63,46,61,45,10,75,64,7,55,71,47,59,42,13,6,37,48,57,56,56,76,14,85,71,16,59,94,52,47,61,25,13,57,91,96,92,62,91,1,45,57,96,43,21,42,46,87,85,99,38,49,17,69,30,2,75,6,11,71,88,28,96,6,82,17,29,15,15,29,89,69,78,48,100,15,48,3,17,97,82,4,36,47,50,43,42,9,55,13,80,94,21,92,84,93,45,56,79,37,60,9,31,65,59,92,9,54,98,29,35,51,40,31,99,58,24,80,60,91,63,93,57,86,21,71,85,15,20,73,14,97,94,53,69,13,97,95,35,30,76,20,48,38,2,32,7,6,15,55,39,22,68,74,27,53,41,36,52,64,5,92,41,59,1,94,44,2,42,56,18,31,19,80,68,75,48,40,47,78,22,92,75,91,15,5,93,9,94,16,67,92,83,96,93,89,85,77,59,70,46,35,59,49,71,97,35,7,80,52,7,84,23,94,8,42,31,90,66,84,72,44,11,13,90,3,25,75,12,61,90,20,96,76,99,66,66,51,45,90,40,23,64,15,63,39,71,42,52,70,33,85,89,25,13,4,95,44,17,74,90,5,94,67,82,37,12,4,66,95,69,92,89,51,38,11,30,18,35,5,73,61,96,58,57,37,88,40,3,57,14,86,90,16,93,22,42,74,71,12,50,12,4,13,19,75,75,60,96,61,68,18,87,81,18,80,94,54,29,51,83,2,95,40,9,5,16,51,87,44,62,27,11,37,18,17,80,20,76,64,26,38,64,22,96,99,26,53,33,18,97,43,5,39,88,72,94,17,71,48,84,49,40,29,82,12,9,26,100,52,67,43,96,42,79,24,53,30,31,83,96,83,35,12,29,68,94,89,14,55,86,73,93,52,57,90,98,84,48,81,16,24,35,16,3,16,51,18,16,33,3,88,19,6,44,85,80,28,72,39,32,39,69,67,65,45,77,20,15,41,16,96,52,6,97,62,10,74,70,30,99,90,96,5,12,74,46,9,6,80,84,89,40,21,22,72,63,63,58,57,27,71,69,81,2,96,31,98,86,46,86,32,92,58,30,29,85,8,44,71,99,79,60,87,46,78,95,88,48,14,66,36,92,45,41,92,15,6,15,86,83,59,85,50,1,90,51,37,71,73,25,30,89,29,44,43,75,5,65,47,28,43,49,74,19,67,18,77,99,17,74,70,59,12,11,71,16,70,94,73,51,90,58,99,16,23,70,87,47,62,41,24,20,11,67,26,15,69,78,60,93,19,84,81,50,36,68,17,97,39,57,50,62,20,29,72,78,47,89,70,68,83,27,82,43,83,40,,,,,27
21,29,69,57,,,,,8,96,84,93,89,53,97,26,25,17,47,14,58,2,16,90,55,22,98,21,63,77,61,64,75,17,4,55,17,93,26,43,56,49,57,93,13,8,83,14,35,77,4,23,,,,,52,93,52,45,68,53,6,12,34,13,9,83,44,19,84,82,76,65,98,45,30,90,98,27,80,72,43,95,83,23,6,64,70,29,96,70,19,42,2,1,77,41,35,35,,,,,2,51,50,62,88,35,63,7,55,53,40,88,80,94,63,31,58,2,95,32,41,84,59,95,83,34,71,83,2,31,22,9,85,20,63,73,57,49,96,19,18,48,22,95,65,8,36,76,62,10,41,55,99,47,83,4,54,16,6,62,64,94,60,53,19,41,16,9,43,88,68,61,91,1,1,39,35,79,56,71,11,97,54,1,5,67,61,61,72,78,72,100,,,,,15,30,52,12,41,94,1,38,60,51,26,4,25,24,20,99,40,50,34,5,39,19,37,5,18,33,18,61,13,90,45,33,99,3,49,37,24,31,86,23,20,99,21,82,,,,,70,2,6,36,43,32,85,100,60,85,69,62,62,66,42,87,24,97,38,9,70,17,64,49,85,100,25,9,17,26,75,17,25,8,40,24,7,56,40,38,92,72,3,12,,,,,51,58,43,32,93,55,83,3,99,2,57,58,18,4,25,41,42,90,70,78,45,2,7,59,12,80,48,64,20,62,48,60,19,44,96,68,75,40,90,57,83,52,32,40,92,46,13,80,22,95,54,18,89,75,17,35,52,13,77,15,96,44,60,6,52,17,43,39,35,93,20,93,63,69,59,33,55,68,42,47,62,45,72,89,83,36,46,44,41,8,62,40,,,,,60,45,31,91,92,74,44,54,12,75,14,58,24,71,31,27,99,25,1,88,98,50,92,28,56,41,75,61,49,18,89,32,42,90,67,61,77,25,73,46,85,25,15,38,,,,,66,75,73,87,28,93,63,80,70,26,54,70,96,7,100,80,16,83,80,41,7,58,27,20,54,86,58,17,65,71,15,22,29,45,73,48,27,5,18,51,14,41,52,93,,,,,23,79,48,76,76,96,6,67,46,100,12,71,31,54,70,63,75,71,13,55,53,89,31,25,100,40,70,18,75,94,93,18,61,6,37,57,39,41,14,21,12,31,2,34,50,58,25,6,36,58,57,65,71,31,39,99,19,75,91,42,8,25,24,69,28,89,93,90,16,80,74,53,93,80,49,45,58,51,77,61,20,68,42,88,70,26,78,59,68,45,49,34,,,,,3,93,45,89,65,5,94,36,58,99,87,51,1,50,66,5,59,29,57,96,44,11,55,51,58,52,63,48,24,84,62,37,98,6,1,8,75,55,53,53,71,100,79,51,,,,,35,5,26,93,,,,,28
45,72,53,19,,,,,14,22,9,74,94,43,60,27,90,98,46,69,62,93,94,69,33,67,56,56,18,60,50,34,48,62,37,51,42,76,77,31,97,20,32,20,4,87,91,80,49,60,53,62,,,,,40,63,18,77,10,58,12,47,42,32,54,90,60,84,73,54,92,59,42,24,96,77,81,11,89,10,13,71,84,26,28,67,59,15,64,16,44,65,48,18,36,92,98,42,,,,,30,6,16,86,32,33,94,5,68,27,23,24,25,79,51,15,21,45,52,27,10,9,65,59,11,73,21,43,93,16,66,24,15,31,75,6,67,49,11,59,95,17,22,33,,,,,83,26,42,19,70,79,28,27,44,18,52,94,69,27,81,79,97,74,50,86,75,17,8,33,70,54,41,88,34,14,11,94,79,97,21,83,18,29,88,97,67,86,34,54,,,,,81,47,40,65,26,15,72,65,33,59,81,86,65,5,97,12,33,52,58,42,81,19,28,41,71,26,70,22,14,7,75,85,70,49,69,87,10,24,34,68,66,77,30,42,,,,,19,31,81,49,3,93,19,89,10,75,66,60,9,59,88,74,71,71,57,6,72,68,22,73,42,46,23,13,95,42,34,96,91,82,19,65,80,76,84,70,52,91,77,69,,,,,57,10,60,25,50,41,11,78,34,56,99,42,96,23,89,83,14,98,39,97,8,41,2,88,72,43,26,31,84,64,3,20,18,91,81,9,21,49,52,82,54,15,84,19,,,,,35,10,61,55,85,20,74,79,54,85,56,35,60,93,75,47,65,5,66,75,18,24,70,64,8,72,65,87,42,54,90,41,32,63,26,27,84,91,98,13,13,81,18,68,,,,,85,58,53,67,25,21,62,14,39,83,79,71,60,46,81,14,32,27,6,77,59,17,39,63,20,94,96,94,45,3,28,50,65,17,83,6,85,16,7,4,41,97,24,2,,,,,43,11,81,34,37,36,42,91,13,78,53,95,46,65,76,45,91,14,63,62,55,41,43,27,13,76,32,79,60,74,76,86,63,56,37,33,98,89,73,44,70,54,90,14,,,,,17,96,19,39,57,40,32,1,46,36,8,25,94,95,88,21,62,47,97,49,91,13,41,67,31,11,4,47,94,11,83,64,25,80,51,70,80,35,98,72,20,51,64,61,,,,,28,34,98,31,67,55,18,39,85,65,68,15,8,99,65,100,43,33,27,53,22,18,12,49,13,63,67,97,98,9,85,48,51,61,56,42,,,,,43,85,66,91,,,,,22,55,35,64,36,63,21,76,2,93,91,46,47,43,63,52,10,86,81,71,67,69,49,32,57,10,95,17,71,50,18,40,83,79,24,60,45,13,48,78,33,65,34,56,,,,,100,14,21,23,,,,,29
39,11,73,2,,,,,9,82,12,54,,,,,39,14,8,69,,,,,40,16,57,90,37,35,2,27,,,,,93,17,42,59,,,,,86,24,16,38,79,70,99,10,,,,,56,50,76,82,,,,,37,2,75,47,,,,,17,61,82,35,93,4,32,44,,,,,60,64,14,28,,,,,42,82,18,45,91,75,56,74,,,,,66,59,52,53,,,,,96,24,98,24,,,,,53,17,6,87,21,79,70,2,,,,,51,91,15,81,,,,,21,65,73,73,6,62,84,90,,,,,68,3,64,46,,,,,8,68,11,76,,,,,20,39,74,63,80,1,32,58,,,,,74,73,38,65,,,,,85,71,82,20,38,32,69,52,,,,,54,29,98,98,,,,,74,76,15,37,,,,,14,28,93,1,26,19,8,39,,,,,88,98,40,67,,,,,5,92,21,44,73,87,92,62,,,,,58,10,53,14,,,,,44,9,77,91,,,,,91,61,65,83,11,67,57,83,,,,,86,94,79,22,,,,,26,66,97,32,19,59,59,86,,,,,79,39,44,6,,,,,73,32,96,45,,,,,50,54,67,48,35,27,24,23,,,,,72,51,17,78,,,,,8,37,62,39,4,75,38,82,,,,,47,81,85,29,,,,,28,99,91,32,,,,,9,3,15,69,35,8,91,71,,,,,37,10,29,36,,,,,6,84,53,19,99,21,84,63,,,,,65,39,25,31,,,,,73,84,16,55,,,,,86,3,89,28,78,61,20,59,,,,,78,67,79,2,,,,,88,95,28,54,51,83,65,99,,,,,74,72,47,87,,,,,73,17,26,89,,,,,22,80,70,48,79,57,53,53,,,,,28,60,72,27,,,,,7,91,64,52,96,11,52,50,,,,,57,1,75,8,,,,,97,44,66,47,,,,,72,95,74,35,16,28,78,83,,,,,98,43,19,78,,,,,66,88,62,29,99,84,8,4,,,,,63,61,88,73,,,,,83,69,49,8,,,,,39,98,52,7,5,77,74,21,,,,,44,91,33,65,,,,,,,,,4,87,42,85,,,,,,,,,,,,,58,91,39,66,,,,,6,40,17,96,64,90,84,89,,,,,51,59,85,36,,,,,94,57,9,62,74,81,12,82,,,,,84,20,39,81,,,,,30
